model,transform_ms_per_1k,predict_ms_per_1k,total_ms_per_1k,n_samples
rf_mc,3.6969900131225586,15.227818489074707,18.924808502197266,10000
lgbm_mc,3.167605400085449,119.88468170166016,123.0522871017456,10000
xgb_mc,2.3897171020507812,11.16018295288086,13.54990005493164,10000
logreg_mc,2.4068832397460938,0.3159046173095703,2.722787857055664,10000
