model,accuracy,macro_f1,weighted_f1,roc_auc_micro,roc_auc_macro,pr_auc_micro,pr_auc_macro,model_size_mb,preproc_size_mb,total_size_mb
rf_mc,0.9897415243194579,0.9681375584739653,0.9897951026999384,0.9996413134242761,0.9994970972252292,0.9987446204974562,0.9823614959605719,250.069,0.008,250.078
lgbm_mc,0.990310123433391,0.9693735096727499,0.9904168105729294,0.9999381241469811,0.999835482984959,0.9995226119110651,0.98764302868655,29.301,0.008,29.309
xgb_mc,0.9902390485441493,0.9671453521474682,0.990307106173027,0.9999556304802559,0.9998460758208527,0.9996304980869025,0.9869628731390596,12.394,0.008,12.403
logreg_mc,0.3244094861285508,0.2568769869651973,0.2862036959093347,0.7507436546353485,0.7933449700363118,0.3064408581236677,0.37522819490452824,0.01,0.008,0.019
