{
  "accuracy": 0.7788860195692862,
  "precision_pos": 0.8602973602973603,
  "recall_pos": 0.8479307025986526,
  "f1_pos": 0.8540692674536784,
  "precision_neg": 0.5318742234540763,
  "recall_neg": 0.5565,
  "f1_neg": 0.5439085178126375,
  "confusion_matrix": [
    [
      5565,
      4435
    ],
    [
      4898,
      27311
    ]
  ],
  "roc_auc": 0.8594978701605142,
  "pr_auc": 0.937830736638984
}