{
  "accuracy": 0.9987680352531451,
  "precision_pos": 0.9992237712298568,
  "recall_pos": 0.9991617249837003,
  "f1_pos": 0.9991927471435668,
  "precision_neg": 0.9973005398920216,
  "recall_neg": 0.9975,
  "f1_neg": 0.9974002599740026,
  "confusion_matrix": [
    [
      9975,
      25
    ],
    [
      27,
      32182
    ]
  ],
  "roc_auc": 0.999978465646248,
  "pr_auc": 0.9999938965381536
}