model,transform_ms_per_1k,predict_ms_per_1k,total_ms_per_1k,n_samples
rf_mc,2.1682262420654297,5.553722381591797,7.721948623657227,10000
lgbm_mc,1.7901182174682617,21.762466430664062,23.552584648132324,10000
xgb_mc,1.832890510559082,8.27016830444336,10.103058815002441,10000
logreg_mc,1.8814563751220703,0.23527145385742188,2.116727828979492,10000
