model,transform_ms_per_1k,predict_ms_per_1k,total_ms_per_1k,n_samples
rf,2.968907356262207,7.134079933166504,10.102987289428711,10000
lgbm,2.587604522705078,8.458399772644043,11.046004295349121,10000
xgb,2.3798227310180664,1.201772689819336,3.5815954208374023,10000
logreg,2.2552013397216797,0.06642341613769531,2.321624755859375,10000
