model,accuracy,f1_pos,f1_neg,roc_auc,pr_auc,fp,fn,model_size_mb,preproc_size_mb,total_size_mb
rf,0.9988864934018811,0.9992705601167103,0.9976482361771328,0.9999939194014096,0.9999980886052151,31,16,23.739,0.009,23.748
lgbm,0.9992655594778365,0.9995187008026829,0.9984506971862662,0.9999795398801576,0.9999944628319595,11,20,2.748,0.009,2.757
xgb,0.9987680352531451,0.9991927471435668,0.9974002599740026,0.999978465646248,0.9999938965381536,25,27,0.942,0.009,0.95
logreg,0.7788860195692862,0.8540692674536784,0.5439085178126375,0.8594978701605142,0.937830736638984,4435,4898,0.002,0.009,0.01
