{
  "accuracy": 0.9902390485441493,
  "macro_f1": 0.9671453521474682,
  "weighted_f1": 0.990307106173027,
  "confusion_matrix": [
    [
      3997,
      0,
      0,
      2,
      1,
      0,
      0,
      0,
      0,
      0
    ],
    [
      0,
      3942,
      2,
      14,
      0,
      0,
      1,
      0,
      0,
      41
    ],
    [
      0,
      7,
      3931,
      0,
      25,
      0,
      5,
      0,
      31,
      1
    ],
    [
      0,
      29,
      3,
      3877,
      5,
      0,
      4,
      0,
      16,
      66
    ],
    [
      0,
      1,
      22,
      7,
      169,
      0,
      8,
      0,
      2,
      0
    ],
    [
      0,
      0,
      0,
      0,
      0,
      10000,
      0,
      0,
      0,
      0
    ],
    [
      0,
      0,
      5,
      0,
      23,
      0,
      3966,
      0,
      3,
      3
    ],
    [
      0,
      4,
      0,
      0,
      0,
      0,
      0,
      3996,
      0,
      0
    ],
    [
      0,
      0,
      23,
      2,
      12,
      0,
      4,
      0,
      3959,
      0
    ],
    [
      0,
      6,
      1,
      33,
      0,
      0,
      0,
      0,
      0,
      3960
    ]
  ],
  "roc_auc_micro": 0.9999556304802559,
  "roc_auc_macro": 0.9998460758208527,
  "pr_auc_micro": 0.9996304980869025,
  "pr_auc_macro": 0.9869628731390596
}