model,transform_ms_per_1k,predict_ms_per_1k,total_ms_per_1k,n_samples
rf,2.176952362060547,3.500676155090332,5.677628517150879,10000
lgbm,1.7927885055541992,2.2777557373046875,4.070544242858887,10000
xgb,1.8163681030273438,2.4913787841796875,4.307746887207031,10000
logreg,1.8287420272827148,0.6676673889160156,2.4964094161987305,10000
