{
  "accuracy": 0.3244094861285508,
  "macro_f1": 0.2568769869651973,
  "weighted_f1": 0.2862036959093347,
  "confusion_matrix": [
    [
      0,
      0,
      4,
      2,
      0,
      0,
      0,
      0,
      2008,
      1986
    ],
    [
      0,
      39,
      0,
      61,
      144,
      0,
      40,
      0,
      14,
      3702
    ],
    [
      0,
      0,
      0,
      8,
      868,
      2794,
      9,
      0,
      0,
      321
    ],
    [
      0,
      222,
      0,
      2742,
      56,
      0,
      361,
      0,
      1,
      618
    ],
    [
      0,
      2,
      0,
      38,
      54,
      0,
      21,
      1,
      5,
      88
    ],
    [
      14,
      30,
      4,
      111,
      54,
      2565,
      172,
      1086,
      1336,
      4628
    ],
    [
      0,
      0,
      0,
      1097,
      25,
      0,
      1472,
      0,
      0,
      1406
    ],
    [
      0,
      0,
      0,
      0,
      15,
      24,
      1,
      576,
      1319,
      2065
    ],
    [
      0,
      0,
      0,
      1,
      3,
      0,
      3,
      62,
      3264,
      667
    ],
    [
      0,
      214,
      0,
      70,
      665,
      0,
      70,
      0,
      0,
      2981
    ]
  ],
  "roc_auc_micro": 0.7507436546353485,
  "roc_auc_macro": 0.7933449700363118,
  "pr_auc_micro": 0.3064408581236677,
  "pr_auc_macro": 0.37522819490452824
}