model,transform_ms_per_1k,predict_ms_per_1k,total_ms_per_1k,n_samples
rf_mc,6.831026077270508,52.18474864959717,59.015774726867676,10000
lgbm_mc,6.621432304382324,622.3327159881592,628.9541482925415,10000
xgb_mc,6.186389923095703,32.1108341217041,38.297224044799805,10000
logreg_mc,6.273651123046875,1.1653661727905273,7.439017295837402,10000
