model,transform_ms_per_1k,predict_ms_per_1k,total_ms_per_1k,n_samples
rf,9.80384349822998,33.09376239776611,42.897605895996094,10000
lgbm,8.111286163330078,36.70928478240967,44.820570945739746,10000
xgb,7.7933549880981445,3.588724136352539,11.382079124450684,10000
logreg,8.613824844360352,0.5288600921630859,9.142684936523438,10000
